{
    "task1_accuracy": 0.7225,
    "task1_macro_f1": 0.7198409464742511,
    "task2_mean_bleu": 0.16726538738454402,
    "task2_mean_rouge_l": 0.4302222276377826,
    "task2_cls_fallback_rate": 0.0,
    "task1_by_type": {
        "phrase": {
            "precision": 0.770764119601329,
            "recall": 0.6925373134328359,
            "f1": 0.7295597484276729
        },
        "passage": {
            "precision": 0.72,
            "recall": 0.7267080745341615,
            "f1": 0.723338485316847
        },
        "multi": {
            "precision": 0.6436781609195402,
            "recall": 0.7832167832167832,
            "f1": 0.7066246056782335
        }
    },
    "task2_by_type": {
        "phrase": {
            "mean_bleu": 0.20255155664177918,
            "mean_rouge": 0.6526520231161601
        },
        "passage": {
            "mean_bleu": 0.1797510472915086,
            "mean_rouge": 0.3098580109776616
        },
        "multi": {
            "mean_bleu": 0.05648742101240146,
            "mean_rouge": 0.18017534847206607
        }
    }
}