{
    "task1_accuracy": 0.70125,
    "task1_macro_f1": 0.6970487044113564,
    "task2_mean_bleu": 0.1819179579788662,
    "task2_mean_rouge_l": 0.4345500728356022,
    "task1_by_type": {
        "phrase": {
            "precision": 0.7210682492581603,
            "recall": 0.7253731343283583,
            "f1": 0.7232142857142857
        },
        "passage": {
            "precision": 0.7022653721682848,
            "recall": 0.6739130434782609,
            "f1": 0.687797147385103
        },
        "multi": {
            "precision": 0.6558441558441559,
            "recall": 0.7062937062937062,
            "f1": 0.6801346801346801
        }
    },
    "task2_by_type": {
        "phrase": {
            "mean_bleu": 0.19128246165618892,
            "mean_rouge": 0.620937294016541
        },
        "passage": {
            "mean_bleu": 0.2312069917605511,
            "mean_rouge": 0.3585796957065536
        },
        "multi": {
            "mean_bleu": 0.04899363903057498,
            "mean_rouge": 0.1689748444435681
        }
    }
}