{
    "task1_accuracy": 0.73625,
    "task1_macro_f1": 0.7308224662165929,
    "task2_mean_bleu": 0.168182993608355,
    "task2_mean_rouge_l": 0.43362408168046174,
    "task2_cls_fallback_rate": 0.4996938900453043,
    "task2_cls_fallback_label": "49.97%",
    "task1_by_type": {
        "phrase": {
            "precision": 0.7884615384615384,
            "recall": 0.7343283582089553,
            "f1": 0.7604327666151468
        },
        "passage": {
            "precision": 0.7341772151898734,
            "recall": 0.7204968944099379,
            "f1": 0.7272727272727273
        },
        "multi": {
            "precision": 0.6453488372093024,
            "recall": 0.7762237762237763,
            "f1": 0.7047619047619048
        }
    },
    "task2_by_type": {
        "phrase": {
            "mean_bleu": 0.20440165019242656,
            "mean_rouge": 0.6634069684207521
        },
        "passage": {
            "mean_bleu": 0.18394906335767655,
            "mean_rouge": 0.30956187406783003
        },
        "multi": {
            "mean_bleu": 0.04783387182551909,
            "mean_rouge": 0.17467837394109187
        }
    }
}